model	stratum	pearson	ci95_lo	ci95_hi	n_total
cnn3head_kmer_fused_ens	R	0.4736708623682494	0.407903083589862	0.5281304589371364	838
cnn_delta_ens	R	0.4436672612299596	0.3809671102054693	0.4989757735972563	838
cnn_msres_wt_mt_delta3head_ens	R	0.4132571006021123	0.3378288945144022	0.477535321034181	838
gkmsvm_optional	R	0.3859778059120181	0.3171097568384756	0.4512333880998722	838
kmer_delta_ens	R	0.3420869402037744	0.2746499514968512	0.4024459136859176	838
kmer_elasticnet_delta_ens	R	0.3389249559274353	0.2697313117300144	0.4065833517081792	838
nt_transformer_delta_ens	R	0.2465791892681843	0.1730677967293556	0.3172440791512808	838
kmer_nystroem_ridge_delta_ens	R	0.1089340450500831	0.0335777467965101	0.1773860931110795	838
onehot_ridge_delta_ens	R	0.1023488131873696	0.0421037728383546	0.1610686191567747	838
